name_pt,category_pt,energy_kcal_100g,energy_kj_100g,carbohydrates_100g,proteins_100g,fat_100g,fiber_100g,sugars_100g,sodium_mg_100g,glycemic_index
Descrição dos alimentos,,,,,,,,,,
"Arroz, integral, cozido",,123.53489250000001,516.8699902200001,25.80975,2.58825,1.0003333333333333,2.749333333333334,,1.2446666666666666,
"Arroz, integral, cru",,359.6780020326088,1504.892760504435,77.45071413043479,7.323285869565217,1.8648333333333333,4.819166666666666,,1.6456666666666666,
"Arroz, tipo 1, cozido",,128.25848566666664,536.6335040293333,28.059849999999994,2.5208166666666667,0.22699999999999998,1.561,,1.2006666666666665,
"Arroz, tipo 1, cru",,357.789273115942,1496.9903187171014,78.75954347826087,7.158539855072464,0.335,1.6391666666666667,,1.0191666666666666,
"Arroz, tipo 2, cozido",,130.11964833333332,544.4206086266666,28.19258333333333,2.568416666666667,0.36166666666666664,1.0696666666666665,,1.959666666666667,
"Arroz, tipo 2, cru",,358.1167614565217,1498.360529934087,78.88145036231883,7.241882971014494,0.2755,1.7198333333333333,,0.5688333333333334,
"Aveia, flocos, crua",,393.82268944927546,1647.7541326557687,66.63564057971016,13.921026086956523,8.496666666666666,9.13,,4.626666666666667,
"Biscoito, doce, maisena",,442.8193901449275,1852.756328366377,75.23414492753622,8.072521739130433,11.966666666666669,2.1,,352.02666666666664,
"Biscoito, doce, recheado com chocolate",,471.824779710145,1974.1148783072467,70.54944927536232,6.397217391304348,19.583333333333332,2.956666666666667,,239.2,
"Biscoito, doce, recheado com morango",,471.1747362318841,1971.3950963942032,71.01350724637682,5.719826086956521,19.573333333333334,1.5333333333333332,,229.8166666666667,
"Biscoito, doce, wafer, recheado de chocolate",,502.4568579710144,2102.279493750724,67.53547826086955,5.564521739130435,24.673333333333332,1.8033333333333335,,137.24,
"Biscoito, doce, wafer, recheado de morango",,513.4461826086956,2148.2588280347827,67.35295652173913,4.517043478260871,26.4,0.82,,119.9,
"Biscoito, salgado, cream cracker",,431.73228115942027,1806.3678643710145,68.73153623188405,10.055130434782608,14.436666666666667,2.51,,854.3566666666667,
"Bolo, mistura para",,418.6333333333333,1751.5618666666667,84.71391304347826,6.159420289855073,6.126666666666666,1.7033333333333331,,462.88,
"Bolo, pronto, aipim",,323.85166666666663,1354.9953733333332,47.864,4.416666666666667,12.747666666666667,0.6906666666666667,,111.00833333333333,
"Bolo, pronto, chocolate",,410.01366666666667,1715.4971813333334,54.71775,6.222916666666666,18.472333333333335,1.43,,283.3,
"Bolo, pronto, coco",,333.4376666666667,1395.1031973333336,52.276,5.666666666666666,11.296333333333331,1.055,,190.33866666666665,
"Bolo, pronto, milho",,311.387,1302.843208,45.10883333333334,4.804166666666667,12.415,0.71,,133.811,
"Canjica, branca, crua",,357.60258999999996,1496.20923656,78.06099999999999,7.2,0.9710000000000001,5.499333333333333,,0.7896666666666666,
"Canjica, com leite integral",,112.45677722046528,470.51915589042676,23.62773329099018,2.3606000423431395,1.2443333333333335,1.2166666666666666,,27.58666666666667,
"Cereais, milho, flocos, com sal",,369.59975000000003,1546.4053540000002,80.835,7.291666666666667,1.6033333333333335,5.293333333333333,,271.73766666666666,
"Cereais, milho, flocos, sem sal",,363.3383166666666,1520.2075169333332,80.44833333333334,6.875,1.1833333333333333,1.8366666666666667,,30.970333333333333,
"Cereais, mingau, milho, infantil",,394.42752173913044,1650.2847509565217,87.26550724637681,6.431159420289855,1.0933333333333335,3.2133333333333334,,399.40333333333336,
"Cereais, mistura para vitamina, trigo, cevada e aveia",,381.1333333333333,1594.6618666666668,81.6175,8.895833333333332,2.12,4.983333333333333,,1163.2569999999998,
"Cereal matinal, milho",,365.354163768116,1528.6418212057974,83.82420289855072,7.155797101449275,0.9566666666666667,4.116666666666666,,654.5433333333334,
"Cereal matinal, milho, açúcar",,376.55525362318843,1575.5071811594205,88.84057971014492,4.742753623188407,0.6666666666666666,2.106666666666667,,405.31333333333333,
"Creme de arroz, pó",,386.00119033639794,1615.028980367489,83.86938355859121,7.026949774742127,1.2260000000000002,1.0713333333333332,,1.0303333333333333,
"Creme de milho, pó",,333.03419267054403,1393.4150621335564,86.1485,4.820833333333333,1.639333333333333,3.7223333333333333,,593.7936666666666,
"Curau, milho verde",,78.43381831365585,328.16709582433606,13.944399957656858,2.3606000423431395,1.6369999999999998,0.4566666666666667,,20.512,
"Curau, milho verde, mistura para",,402.28657743531465,1683.1670399893567,79.81641666666667,2.2229166666666664,13.371333333333334,2.5226666666666664,,222.92566666666667,
"Farinha, de arroz, enriquecida",,363.0564801812235,1519.028313078239,85.50400004069012,1.2693332926432292,0.3,0.58,,17.101666666666667,
Descrição dos alimentos,,,,,,,,,,
"Farinha, de centeio, integral",,335.77766279932655,1404.8937411523823,73.29826683044433,12.515066502888997,1.7533333333333332,15.48,,41.376666666666665,
"Farinha, de milho, amarela",,350.58693322738014,1466.8557286233586,79.07916666666665,7.1875,1.4666666666666666,5.49,,44.93233333333334,
"Farinha, de rosca",,370.5780966666666,1550.4987564533333,75.78566666666666,11.380999619166056,1.4633333333333332,4.823333333333333,,332.5,
"Farinha, de trigo",,360.4729785507247,1508.2189422562321,75.09255072463769,9.79078260869565,1.366666666666667,2.3466666666666667,,0.7366666666666667,
"Farinha, láctea, de cereais",,414.8505173913043,1735.7345647652173,77.77086956521738,11.87913043478261,5.79,1.94,,125.07333333333332,
"Lasanha, massa fresca, cozida",,163.76366666666667,685.1871813333333,32.52216666666667,5.8125,1.1583333333333332,1.6363333333333332,,206.76933333333332,
"Lasanha, massa fresca, crua",,220.3056666666667,921.7589093333335,45.05833333333334,7.008333333333333,1.3376666666666666,1.6063333333333334,,666.7103333333333,
"Macarrão, instantâneo",,435.8647805333334,1823.658241751467,62.431653333333344,8.79168,17.236666666666668,5.61,,1515.5266666666666,
"Macarrão, trigo, cru",,371.1226130434783,1552.777012973913,77.94434782608695,9.995652173913044,1.3033333333333335,2.9266666666666663,,7.17,
"Macarrão, trigo, cru, com ovos",,370.5671133333334,1550.452802186667,76.62253333333335,10.320799999999998,1.97,2.2966666666666664,,14.74,
"Milho, amido, cru",,361.36682387826096,1511.958791106644,87.14884391304349,0.5978260869565217,,0.7433333,,8.083,
"Milho, fubá, cru",,353.482268115942,1478.9698097971016,78.87289855072463,7.213768115942029,1.9033333333333333,4.713333333333334,,,
"Milho, verde, cru",,138.166565,578.08890796,28.555749999999996,6.589583333333334,0.609,3.9180000000000006,,1.1156666666666666,
"Milho, verde, enlatado, drenado",,97.56489420289851,408.2115173449274,17.135072463768108,3.2282608695652177,2.353333333333333,4.6433333333333335,,260.3499,
"Mingau tradicional, pó",,373.4214666666667,1562.3954165333334,89.33666666666667,0.5833333333333334,0.37,0.88,,14.855333333333334,
"Pamonha, barra para cozimento, pré-cozida",,171.2191116666667,716.3807632133335,30.68491666666667,2.5520833333333335,4.849666666666667,2.371,,131.993,
"Pão, aveia, forma",,343.0853666666667,1435.4691741333336,59.56666666666666,12.35,5.693333333333334,5.98,,605.7629999999999,
"Pão, de soja",,308.7263233333333,1291.7109368266667,56.510333333333335,11.343,3.58,5.706666666666667,,662.5413333333333,
"Pão, glúten, forma",,252.99402999999998,1058.52702152,44.11899999999999,11.950999600092567,2.7266666666666666,2.48,,22.045333333333335,
"Pão, milho, forma",,292.01349,1221.78444216,56.397,8.303,3.11,4.296666666666666,,506.64399999999995,
"Pão, trigo, forma, integral",,253.19361833333332,1059.3620991066666,49.9415,9.425166666666666,3.6533333333333338,6.883333333333333,,506.1033333333333,
"Pão, trigo, francês",,299.8101504347826,1254.4056694191304,58.646434782608694,7.953565217391304,3.1033333333333335,2.3066666666666666,,647.6733333333334,
"Pão, trigo, sovado",,310.96494,1301.0773089600002,61.452,8.398,2.84,2.433333333333333,,430.792,
"Pastel, de carne, cru",,288.70207151598953,1207.9294672229003,42.01663369274139,10.74069964059194,8.793,1.04,,1309.265,
"Pastel, de carne, frito",,388.37465162496756,1624.9595423988644,43.76780033810934,10.104199661890666,20.136666666666667,0.9866666666666667,,1039.8886666666667,
"Pastel, de queijo, cru",,308.4744338873742,1290.6570313847735,45.947933663050335,9.853399670282998,9.634666666666666,1.1066666666666667,,984.5696666666666,
"Pastel, de queijo, frito",,422.11208003931927,1766.116942884512,48.1327336247762,8.709599708557128,22.670333333333332,0.9433333333333334,,821.3823333333333,
"Pastel, massa, crua",,310.2025143333333,1297.8873199706666,57.379633333333324,6.9027,5.477,1.4133333333333333,,1344.2013333333332,
"Pastel, massa, frita",,569.6724593333333,2383.5095698506666,49.34313333333334,6.0192000000000005,40.86033333333334,1.3093333333333332,,1174.6670000000001,
"Pipoca, com óleo de soja, sem sal",,448.334261847198,1875.8305515686764,70.31258333333334,9.927083333333336,15.940999999999997,14.336666666666666,,4.320333333333334,
"Polenta, pré-cozida",,102.74116666666669,429.8690413333334,23.311666666666667,2.291666666666667,0.3033333333333333,2.4033333333333333,,441.88933333333335,
"Torrada, pão francês",,377.422283,1579.134832072,74.5559,10.524100000000002,3.3009999999999997,3.395,,829.4923333333332,
Descrição dos alimentos,,,,,,,,,,
"Abóbora, cabotian, cozida",,48.04374250000001,201.01501862000003,10.760916666666668,1.44375,0.7293333333333333,2.462666666666667,,1.4516666666666669,
"Abóbora, cabotian, crua",,38.59929420289856,161.4994469449276,8.360289855072468,1.7463768115942029,0.5366666666666667,2.1666666666666665,,,
"Abóbora, menina brasileira, crua",,13.605673913043486,56.926139652173944,3.3013043478260893,0.6086956521739131,,1.17,,,
"Abóbora, moranga, crua",,12.364436231884042,51.732801194202835,2.6665217391304306,0.9601449275362318,0.06,1.7033333333333331,,,
"Abóbora, moranga, refogada",,29.003822031756222,121.35199138086804,5.981916666666661,0.39375,0.799,1.5466666666666669,,3.0276666666666667,
"Abóbora, pescoço, crua",,24.466267949700352,102.36686510154628,6.122833333333339,0.6708333333333334,0.11599999999999999,2.300333333333333,,0.745,
"Abobrinha, italiana, cozida",,15.038520000000023,62.9211676800001,2.977000000000007,1.125,0.19899999999999998,1.588,,0.8326666666666668,
"Abobrinha, italiana, crua",,19.279126086956484,80.66386354782594,4.292028985507236,1.141304347826087,0.14,1.3533333333333335,,,
"Abobrinha, italiana, refogada",,24.42960218765336,102.21345555314166,4.18691666666666,1.06875,0.8213333333333334,1.38,,2.209,
"Abobrinha, paulista, crua",,30.810702228816336,128.91197812536754,7.867419999999999,0.6395833333333333,0.139,2.605,,0.5006666666666667,
"Acelga, crua",,20.942342499999942,87.62276101999976,4.630916666666657,1.44375,0.106,1.122,,1.1806666666666668,
"Agrião, cru",,16.578801449275325,69.36570526376796,2.2515942028985423,2.6884057971014492,0.23666666666666666,2.1366666666666667,,7.4623333333333335,
"Aipo, cru",,19.09145664497062,79.87865460255708,4.272333333333345,0.7583333333333333,0.069,0.9569999999999999,,9.515666666666666,
"Alface, americana, crua",,8.794903236866052,36.79787514304756,1.7453333333333474,0.6083333333333334,0.129,1.0216666666666667,,7.308333333333333,
"Alface, crespa, crua",,10.68085652173921,44.688703686956856,1.6955072463768253,1.3478260869565217,0.16,1.8266666666666669,,3.38,
"Alface, lisa, crua",,13.820901449275343,57.82665166376804,2.428260869565218,1.6884057971014494,0.12333333333333334,2.33,,4.233333333333333,
"Alface, roxa, crua",,12.716997363467993,53.207916968750084,2.4934166666666613,0.90625,0.19166666666666665,2.013333333333333,,7.124333333333333,
"Alfavaca, crua",,29.183613081057864,122.1042371311461,5.240999999999999,2.658333333333333,0.47633333333333333,4.140333333333333,,4.550333333333334,
"Alho, cru",,113.12987826086957,473.3354106434783,23.905797101449277,7.010869565217391,0.22,4.323333333333333,,5.36,
"Alho-poró, cru",,31.5079193532467,131.8291345739842,6.878166666666669,1.4125,0.1396666666666667,2.506666666666667,,1.7623333333333333,
"Almeirão, cru",,18.034428985507237,75.45605087536228,3.3352173913043464,1.7681159420289856,0.21666666666666667,2.586666666666667,,2.3506666666666667,
"Almeirão, refogado",,65.08191082886853,272.30271490798594,5.701499999999994,1.7041666666666666,4.847,3.4276666666666666,,14.515,
"Batata, baroa, cozida",,80.11976250000004,335.22108630000014,18.947583333333334,0.8520833333333333,0.16633333333333333,1.7579999999999998,,2.0980000000000003,
"Batata, baroa, crua",,100.98492318840582,422.52091862028993,23.982898550724638,1.047101449275362,0.17,2.063333333333333,,,
"Batata, doce, cozida",,76.75961050343517,321.1622103463728,18.422333333333338,0.6416666666666667,0.08766666666666667,2.212,,2.699,
"Batata, doce, crua",,118.24137536231882,494.721914515942,28.19608695652174,1.257246376811594,0.13333333333333333,2.573333333333333,,8.773333333333333,
"Batata, frita, tipo chips, industrializada",,542.7346733841896,2270.8018734394495,51.22233333333333,5.583333333333332,36.615,2.4556666666666667,,607.3993333333333,
"Batata, inglesa, cozida",,51.588476636270656,215.84618624615644,11.94375,1.1645833333333333,,1.3433333333333335,,2.2936666666666667,
"Batata, inglesa, crua",,64.3702260869565,269.325025947826,14.688260869565212,1.7717391304347823,,1.1633333333333333,,,
"Batata, inglesa, frita",,267.15742250204084,1117.786655748539,35.64033333333333,4.966666666666667,13.108666666666666,8.059333333333333,,1.913,
Descrição dos alimentos,,,,,,,,,,
"Batata, inglesa, sauté",,67.88793615063032,284.0431248542373,14.093000000000005,1.2916666666666667,0.8963333333333333,1.377,,8.182,
"Berinjela, cozida",,18.845285556813074,78.84867476970591,4.468249999999995,0.6770833333333334,0.14833333333333332,2.5243333333333333,,1.325,
"Berinjela, crua",,19.62775362318839,82.12252115942023,4.428985507246369,1.221014492753623,0.1,2.873333333333333,,,
"Beterraba, cozida",,32.15432433140276,134.53369300258916,7.234916666666663,1.29375,0.09266666666666667,1.8786666666666665,,22.761666666666667,
"Beterraba, crua",,48.82850869565215,204.2984803826086,11.111014492753624,1.9456521739130435,0.09,3.3733333333333335,,9.72,
"Biscoito, polvilho doce",,437.54900000000004,1830.7050160000001,80.53533333333334,1.2916666666666667,12.249,1.159,,97.80133333333333,
"Brócolis, cozido",,24.63616311136879,103.07770645796703,4.366666666666663,2.1333333333333333,0.459,3.4166666666666665,,2.122,
"Brócolis, cru",,25.495131884057955,106.67163180289849,4.025072463768115,3.6449275362318847,0.26666666666666666,2.88,,3.3333333333333335,
"Cará, cozido",,77.58491333333336,324.6152773866668,18.8525,1.5291666666666668,0.11233333333333334,2.6346666666666665,,1.0063333333333333,
"Cará, cru",,95.6331347826087,400.12903593043484,22.954057971014496,2.282608695652174,0.1366666666666667,7.273333333333333,,,
"Caruru, cru",,34.03162971734997,142.38833873739227,5.973999999999993,3.2,0.585,4.469,,13.665,
"Catalonha, crua",,23.888412257373297,99.94911688484987,4.75224999999999,1.86875,0.2823333333333333,2.0483333333333333,,9.393666666666666,
"Catalonha, refogada",,63.449269148826616,265.4717421186906,4.809333333333338,1.95,4.805666666666666,3.65,,24.719333333333335,
"Cebola, crua",,39.420046376811584,164.93347404057968,8.853188405797098,1.7101449275362322,0.08,2.186666666666667,,0.5966666666666667,
"Cebolinha, crua",,19.515885507246438,81.6544649623191,3.370724637681165,1.865942028985507,0.35,3.55,,1.6033333333333335,
"Cenoura, cozida",,29.86177771015958,124.94167793930768,6.686749999999989,0.8479166666666668,0.21833333333333335,2.629,,7.881,
"Cenoura, crua",,34.13538840579714,142.82246508985523,7.66,1.322463768115942,0.17333333333333334,3.1833333333333336,,3.3333333333333335,
"Chicória, crua",,13.837120289855097,57.89451129275373,2.8533333333333437,1.1376811594202898,0.14333333333333334,2.2,,13.522333333333334,
"Chuchu, cozido",,18.53979053137702,77.57048358328144,4.7934166666666655,0.41458333333333336,,1.0396666666666665,,1.8073333333333335,
"Chuchu, cru",,16.97891884057972,71.03979642898555,4.137391304347834,0.6992753623188407,0.06,1.28,,,
"Coentro, folhas desidratadas",,309.0707468044758,1293.1520046299268,47.955,20.875,10.386666666666668,37.29,,18.255333333333333,
"Couve, manteiga, crua",,27.05669710144928,113.2052206724638,4.333478260869559,2.873188405797101,0.5466666666666667,3.12,,6.171,
"Couve, manteiga, refogada",,90.34481542611123,378.0027077428494,8.707666666666668,1.6666666666666667,6.594,5.7363333333333335,,11.446666666666667,
"Couve-flor, crua",,22.56334927536229,94.40505336811583,4.517536231884062,1.9057971014492752,0.21333333333333335,2.35,,3.436666666666666,
"Couve-flor, cozida",,19.114140614728182,79.97356433202272,3.8754166666666765,1.2395833333333333,0.26933333333333337,2.130333333333333,,1.7876666666666665,
"Espinafre, Nova Zelândia, cru",,16.095694202898525,67.34438454492744,2.5736231884057963,1.996376811594203,0.24333333333333332,2.1,,17.094833333333334,
"Espinafre, Nova Zelândia, refogado",,67.25365175066395,281.38927892477795,4.238583333333339,2.71875,5.434666666666668,2.518333333333333,,47.02433333333334,
"Farinha, de mandioca, crua",,360.8696985507246,1509.8788187362318,87.89898550724637,1.5543478260869565,0.27666666666666667,6.39,,1.0233333333333332,
"Farinha, de mandioca, torrada",,365.268975,1528.2853914000002,89.19416666666666,1.2291666666666667,0.2866666666666667,6.54,,10.31,
"Farinha, de puba",,360.17977487993244,1506.9921780976374,87.28533333333334,1.6166666666666667,0.46900000000000003,4.24,,3.607666666666667,
"Fécula, de mandioca",,330.85055833333337,1384.2787360666669,81.14916666666667,0.5208333333333333,0.2833333333333334,0.6466666666666666,,2.449,
"Feijão, broto, cru",,38.723236375411325,162.01802099472098,7.758333333333329,4.166666666666666,0.10266666666666667,1.966,,1.7930000000000001,
Descrição dos alimentos,,,,,,,,,,
"Inhame, cru",,96.69983188405796,404.5920966028985,23.23260869565217,2.0507246376811596,0.21333333333333335,1.6533333333333333,,,
"Jiló, cru",,27.36514347826087,114.49576031304348,6.191159420289859,1.4021739130434783,0.22,4.826666666666667,,,
"Jurubeba, crua",,125.81163499999998,526.3958808399999,23.059166666666663,4.4125,3.9096666666666664,23.921333333333337,,0.7709999999999999,
"Mandioca, cozida",,125.35825000000003,524.4989180000001,30.09,0.575,0.29833333333333334,1.5566666666666666,,0.9066666666666666,
"Mandioca, crua",,151.4169565217391,633.5285460869565,36.16956521739131,1.1304347826086958,0.3,1.8766666666666667,,2.15,
"Mandioca, farofa, temperada",,405.69394166666666,1697.4234519333334,80.30416666666666,2.0625,9.12,7.816666666666667,,574.5080000000002,
"Mandioca, frita",,300.0552433891495,1255.4311383402016,50.251416666666664,1.38125,11.195,1.87,,8.936,
"Manjericão, cru",,21.14767681159422,88.48187977971023,3.6444927536231915,1.985507246376812,0.39333333333333337,3.3066666666666666,,3.8866666666666667,
"Maxixe, cru",,13.747236086956516,57.518435787826064,2.7286956521739105,1.391304347826087,0.073,2.193,,10.993,
"Mostarda, folha, crua",,18.107389052172486,75.76131579428969,3.2365833333333267,2.110416666666667,0.16766666666666666,1.891,,2.8793333333333337,
"Nhoque, batata, cozido",,180.7752739934126,756.3637463884384,36.78,5.8583333333333325,1.9433333333333334,1.78,,7.0680000000000005,
"Nabo, cru",,18.18662463768122,76.09283748405822,4.147101449275376,1.2028985507246377,0.05333333333333334,2.6433333333333335,,2.46,
"Palmito, juçara, em conserva",,23.199716434081346,97.06761356019635,4.328333333333326,1.7916666666666667,0.4033333333333333,3.15,,513.8203333333332,
"Palmito, pupunha, em conserva",,29.43196333333332,123.14333458666663,5.508999999999997,2.4583333333333335,0.45,2.55,,562.6853333333332,
"Pão, de queijo, assado",,363.07791333333336,1519.1179893866667,34.2415,5.120833333333334,24.567333333333334,0.5583333333333332,,773.4933333333333,
"Pão, de queijo, cru",,294.538,1232.346992,38.51200000000001,3.6479999999999997,13.988666666666667,0.9763333333333333,,404.99399999999997,
"Pepino, cru",,9.533691304347819,39.88896441739128,2.037101449275353,0.8695652173913043,,1.12,,,
"Pimentão, amarelo, cru",,27.92745942028985,116.84849021449274,5.9620289855072475,1.2246376811594204,0.4366666666666667,1.92,,,
"Pimentão, verde, cru",,21.285881159420292,89.06012677101451,4.892608695652178,1.0507246376811594,0.15,2.563333333333333,,,
"Pimentão, vermelho, cru",,23.28136376811601,97.40922600579738,5.466811594202911,1.039855072463768,0.1466666666666667,1.5933333333333335,,,
"Polvilho, doce",,351.2267333333333,1469.5326522666667,86.77333333333333,0.43,,0.23666666666666666,,1.5766666666666669,
"Quiabo, cru",,29.939262150069077,125.26587283588903,6.373916666666666,1.91875,0.299,4.553333333333334,,0.891,
"Rabanete, cru",,13.738126086956488,57.48031954782595,2.7253623188405807,1.391304347826087,0.07333333333333335,2.1933333333333334,,10.993333333333334,
"Repolho, branco, cru",,17.11880289855071,71.62507132753618,3.8598550724637692,0.8768115942028986,0.14333333333333334,1.89,,3.643333333333333,
"Repolho, roxo, cru",,30.907502954324087,129.316992360892,7.204000000000001,1.908333333333333,0.06366666666666666,1.9733333333333334,,2.337666666666667,
"Repolho, roxo, refogado",,41.77352528971434,174.7804298121648,7.561583333333334,1.8020833333333333,1.2403333333333333,1.75,,3.4166666666666665,
"Rúcula, crua",,13.133256607294062,54.94954564491835,2.2196666666666607,1.7666666666666664,0.10733333333333334,1.74,,9.418,
"Salsa, crua",,33.424111594202884,139.84648291014489,5.706086956521735,3.2572463768115942,0.61,1.85,,2.3,
"Seleta de legumes, enlatada",,56.533772463768145,236.53730398840594,12.669710144927544,3.4202898550724634,0.35333333333333333,3.09,,398.1366666666666,
"Serralha, crua",,30.397934166666644,127.18495655333325,4.946749999999999,2.6729166666666666,0.7426666666666666,3.5185000000000004,,19.346999999999998,
"Taioba, crua",,34.208918333333315,143.1301143066666,5.430499999999991,2.8958333333333335,0.9266666666666667,4.453666666666667,,1.1606666666666667,
"Tomate, com semente, cru",,15.335156521739158,64.16229488695664,3.138840579710146,1.0978260869565217,0.17333333333333334,1.1733333333333331,,1.02,
Descrição dos alimentos,,,,,,,,,,
"Tomate, extrato",,60.93343365217388,254.94548640069553,14.95861739130434,2.4347826086956523,0.19,2.80333,,497.93333333333334,
"Tomate, molho industrializado",,38.446549460490566,160.86036294269255,7.711666666666678,1.375,0.9033333333333333,3.1166666666666667,,418.2806666666667,
"Tomate, purê",,27.93687971014494,116.88790470724643,6.894347826086953,1.36231884057971,,1.0266666666666666,,103.93,
"Tomate, salada",,20.546909166666637,85.96826795333321,5.117916666666662,0.8104166666666668,,2.268333333333333,,5.243,
"Vagem, crua",,24.898357971014487,104.17472975072462,5.347101449275358,1.786231884057971,0.17333333333333334,2.3833333333333333,,,
"Abacate, cru",,96.1547086956522,402.3113011826088,6.0308695652173965,1.2391304347826086,8.396666666666667,6.313333333333333,,,
"Abacaxi, cru",,48.32221304347824,202.18013937391297,12.33463768115941,0.8586956521739131,0.12333333333333334,0.9866666666666667,,,
"Abacaxi, polpa, congelada",,30.591799194335923,127.99608782910151,7.798666666666662,0.4666666666666666,0.11333333333333333,0.32666666666666666,,1.2363333333333333,
"Abiu, cru",,62.42409840854006,261.18242774133165,14.926999999999998,0.8333333333333334,0.7033333333333333,1.696,,,
"Açaí, polpa, com xarope de guaraná e glucose",,110.29759000000001,461.48511656000005,21.45516666666667,0.7208333333333334,3.6603333333333334,1.7233333333333334,,15.098666666666666,
"Açaí, polpa, congelada",,58.04536887282133,242.86182336388444,6.2084166666666665,0.7979166666666667,3.9443333333333332,2.5533333333333332,,5.177,
"Acerola, crua",,33.46227000000003,140.00613768000014,7.966416666666672,0.90625,0.20766666666666667,1.5113333333333332,,,
"Acerola, polpa, congelada",,21.936799999999977,91.78357119999991,5.541333333333331,0.5916666666666668,,0.7033333333333333,,1.28,
"Ameixa, calda, enlatada",,182.84662000000003,765.0302580800002,46.89266666666667,0.4083333333333334,,0.517,,2.704333333333333,
"Ameixa, crua",,52.54248260869565,219.8377472347826,13.851594202898553,0.7717391304347826,,2.433333333333333,,,
"Ameixa, em calda, enlatada, drenada",,177.35918531537055,742.0708313595104,47.658,1.025,0.2803333333333333,4.546666666666667,,2.7903333333333333,
"Atemóia, crua",,96.97158744792144,405.7291218821033,25.332166666666662,0.9708333333333332,0.30033333333333334,2.1353333333333335,,0.785,
"Banana, da terra, crua",,128.02445217391306,535.6543078956523,33.66521739130435,1.4347826086956523,0.24,1.5266666666666666,,,
"Banana, doce em barra",,280.10519255063934,1171.9601256318751,75.66658333333334,2.16875,0.05,3.8333333333333335,,9.882333333333333,
"Banana, figo, crua",,105.08265000000002,439.6658076000001,27.80441666666667,1.13125,0.1416666666666667,2.8,,,
"Banana, maçã, crua",,86.80533043478259,363.19350253913035,22.3363768115942,1.7536231884057971,0.06,2.5933333333333333,,,
"Banana, nanica, crua",,91.52884782608696,382.95669930434786,23.848115942028986,1.3985507246376814,0.11666666666666665,1.9466666666666665,,,
"Banana, ouro, crua",,112.36604782608694,470.1395441043478,29.341449275362308,1.4818840579710144,0.21,1.9533333333333331,,,
"Banana, pacova, crua",,77.90952792507412,325.9734648385101,20.312583333333333,1.2270833333333333,0.079,2.0303333333333335,,0.9386666666666666,
"Banana, prata, crua",,98.24970217391306,411.0767538956523,25.956884057971017,1.2681159420289856,0.065,2.0433333333333334,,,
"Cacau, cru",,74.29148000000004,310.83555232000015,19.411166666666677,0.9541666666666665,0.144,2.189,,0.7003333333333334,
"Cajá-Manga, cru",,45.58096877372266,190.71077334925562,11.434166666666664,1.2791666666666666,,2.5753333333333335,,1.4386666666666665,
"Cajá, polpa, congelada",,26.332269311050553,110.17421479743551,6.374416666666661,0.5895833333333333,0.16766666666666666,1.36,,6.945,
"Caju, cru",,43.065068521739114,180.18424669495647,10.288988840579705,0.9710144927536233,0.33,1.68,,2.966666666666667,
"Caju, polpa, congelada",,36.568679999999965,153.00335711999986,9.350749999999994,0.48125,0.154,0.8146666666666667,,4.161666666666666,
Descrição dos alimentos,,,,,,,,,,
"Caju, suco concentrado, envasado",,45.10862666666668,188.7344939733334,10.733833333333331,0.4041666666666667,0.2,0.626,,45.044333333333334,
"Caqui, chocolate, cru",,71.35001811164616,298.5284757791276,19.325749999999996,0.35625,0.06933333333333334,6.517666666666667,,2.1833333333333336,
"Carambola, crua",,45.740888793428724,191.3798787117058,11.481499999999997,0.8708333333333333,0.17699999999999996,2.0313333333333334,,4.094666666666666,
"Ciriguela, crua",,75.59411,316.28575624,18.857416666666666,1.3979166666666667,0.35966666666666663,3.9019999999999997,,1.6823333333333335,
"Cupuaçu, cru",,49.42255877437193,206.78398591197217,10.433583333333335,1.1604166666666664,0.9513333333333334,3.1159999999999997,,3.196,
"Cupuaçu, polpa, congelada",,48.79688999999999,204.16618775999996,11.386916666666668,0.84375,0.5936666666666667,1.591,,0.6890000000000001,
"Figo, cru",,41.447126086956516,173.41477554782608,10.245942028985507,0.967391304347826,0.15666666666666665,1.7933333333333332,,,
"Figo, enlatado, em calda",,184.36071739130435,771.3652415652174,50.33840579710145,0.5615942028985508,0.15,1.9766666666666666,,6.87,
"Fruta-pão, crua",,67.04561999999997,280.5188740799999,17.17441666666665,1.08125,0.18933333333333335,5.545333333333333,,0.7993333333333333,
"Goiaba, branca, com casca, crua",,51.73774782608695,216.47073690434783,12.401449275362321,0.8985507246376812,0.48666666666666664,6.33,,,
"Goiaba, doce em pasta",,268.9598260869565,1125.3279123478262,74.1236231884058,0.5797101449275363,0.0,3.733333333333334,,3.7,
"Goiaba, doce, cascão",,285.58779243900375,1194.8993235647918,78.70275,0.41458333333333336,0.10333333333333333,4.366666666666667,,11.029333333333334,
"Goiaba, vermelha, com casca, crua",,54.16993043478262,226.6469889391305,13.009710144927533,1.0869565217391304,0.44,6.223333333333334,,,
"Graviola, crua",,61.62189837666358,257.82602280796044,15.839500000000008,0.8458333333333333,0.21,1.909,,4.16,
"Graviola, polpa, congelada",,38.27386999999997,160.13787207999988,9.782666666666657,0.5666666666666667,0.1376666666666667,1.1876666666666666,,3.046333333333333,
"Jabuticaba, crua",,58.05315000000004,242.89437960000018,15.255833333333337,0.6125,0.12833333333333333,2.299,,,
"Jaca, crua",,87.92034999999997,367.85874439999986,22.497583333333324,1.4020833333333336,0.265,2.3859999999999997,,1.8016666666666667,
"Jambo, cru",,26.91229999999998,112.60106319999993,6.494250000000001,0.8854166666666669,0.06666666666666667,5.074333333333333,,21.656000000000002,
"Jamelão, cru",,41.00970891670385,171.5846221074889,10.627166666666664,0.5458333333333333,0.10966666666666665,1.7766666666666666,,1.3663333333333334,
"Kiwi, cru",,51.136330434782636,213.95440653913056,11.499710144927537,1.3369565217391304,0.6266666666666666,2.653333333333333,,,
"Laranja, baía, crua",,45.43811739130433,190.11308316521732,11.468405797101452,0.9782608695652175,0.10333333333333335,1.1233333333333333,,,
"Laranja, baía, suco",,36.64948260869561,153.34143523478244,8.69782608695652,0.6521739130434783,,,,,
"Laranja, da terra, crua",,51.471128639280764,215.35520222675072,12.860583333333317,1.0770833333333334,0.18566666666666665,3.9770000000000003,,0.83,
"Laranja, da terra, suco",,40.95600731086733,171.35993458866892,9.573333333333336,0.6666666666666667,0.14200000000000002,1.031,,,
"Laranja, lima, crua",,45.701038780629624,191.21314625815435,11.53375,1.05625,0.07533333333333332,1.782,,1.111,
"Laranja, lima, suco",,39.336093944132394,164.58221706224995,9.16741666666668,0.7145833333333333,0.11933333333333333,0.424,,,
"Laranja, pêra, crua",,36.77376521739132,153.8614336695653,8.946521739130437,1.0434782608695652,0.12666666666666668,0.7666666666666666,,,
"Laranja, pêra, suco",,32.70975362318838,136.85760915942018,7.554202898550721,0.7391304347826088,0.07333333333333333,,,,
"Laranja, valência, crua",,46.109628783385006,192.92268682968287,11.723000000000013,0.7666666666666666,0.159,1.7276666666666667,,0.629,
"Laranja, valência, suco",,36.19635058768591,151.44553085887787,8.554000000000004,0.4833333333333333,0.12433333333333334,0.422,,,
"Limão, cravo, suco",,14.103733399311682,59.010020542720085,5.246666666666659,0.325,,,,,
"Limão, galego, suco",,22.22504347826089,92.98958191304357,7.321449275362319,0.5652173913043479,0.06666666666666667,,,,
Descrição dos alimentos,,,,,,,,,,
"Limão, tahiti, cru",,31.818153430163903,133.12715395180578,11.084416666666677,0.9395833333333332,0.14,1.1816666666666666,,1.2483333333333333,
"Maçã, Argentina, com casca, crua",,62.531818366289116,261.63312804455364,16.587999999999997,0.225,0.246,2.026333333333333,,1.318,
"Maçã, Fuji, com casca, crua",,55.51520000000005,232.27559680000022,15.153333333333341,0.2866666666666667,,1.3466666666666667,,,
"Macaúba, crua",,404.2818766666667,1691.5153719733335,13.945433333333337,2.0828999999999995,40.656666666666666,13.4435,,0.6543333333333333,
"Mamão, doce em calda, drenado",,195.62747482178608,818.505354654353,54.00358333333333,0.19375,0.06733333333333334,1.3133333333333332,,2.9143333333333334,
"Mamão, Formosa, cru",,45.34074782608691,189.70568890434765,11.554782608695643,0.8152173913043478,0.12,1.8133333333333335,,3.2566666666666664,
"Mamão, Papaia, cru",,40.156768942296566,168.01592125456884,10.439750000000016,0.45625,0.12433333333333334,1.0426666666666666,,1.6303333333333334,
"Mamão verde, doce em calda, drenado",,209.3762544589043,876.0302486560556,57.63666666666667,0.31666666666666665,0.09800000000000002,1.2333333333333332,,4.74,
"Manga, Haden, crua",,63.50031833879153,265.6853319295038,16.662666666666667,0.4083333333333334,0.256,1.582,,0.5513333333333333,
"Manga, Palmer, crua",,72.48673809168733,303.2845121756198,19.35224999999999,0.41041666666666665,0.17200000000000001,1.6333333333333335,,1.8636666666666668,
"Manga, polpa, congelada",,48.30588,202.11180192,12.518416666666665,0.38125,0.23399999999999999,1.07,,6.733333333333333,
"Manga, Tommy Atkins, crua",,50.69218260869563,212.09609203478254,12.771594202898537,0.8550724637681161,0.22,2.0666666666666664,,,
"Maracujá, cru",,68.43950869565214,286.3509043826086,12.264202898550717,1.9891304347826089,2.103333333333333,1.1366666666666667,,1.58,
"Maracujá, polpa, congelada",,38.75969999999999,162.17058479999994,9.597499999999993,0.8125,0.17666666666666667,0.5059999999999999,,8.096,
"Maracujá, suco concentrado, envasado",,41.96731999999999,175.59126687999995,9.635999999999992,0.7666666666666666,0.19333333333333336,0.35366666666666663,,21.692333333333334,
"Melancia, crua",,32.60662608695646,136.42612354782582,8.139275362318838,0.8840579710144928,,0.12333333333333334,,,
"Melão, cru",,29.369391304347808,122.88153321739124,7.525797101449274,0.6775362318840581,,0.25,,11.166666666666666,
"Mexerica, Murcote, crua",,57.592778474648775,240.96818513793048,14.861999999999998,0.8833333333333334,0.134,3.073333333333333,,1.1673333333333333,
"Mexerica, Rio, crua",,36.871350000000064,154.26972840000028,9.337000000000014,0.65,0.12833333333333333,2.731666666666667,,1.8239999999999998,
"Morango, cru",,30.147917391304354,126.13888636521742,6.818405797101459,0.8949275362318839,0.31,1.7233333333333334,,,
"Nêspera, crua",,42.539198868195214,177.98400806452878,11.528666666666659,0.30833333333333335,,2.958,,,
"Pequi, cru",,204.96677,857.5809656800001,12.972916666666666,2.3354166666666667,17.971,19.041,,,
"Pêra, Park, crua",,60.58859,253.50266056000004,16.074916666666663,0.23541666666666672,0.2303333333333333,2.982666666666667,,0.9816666666666668,
"Pêra, Williams, crua",,53.309047826086925,223.0450561043477,14.02478260869564,0.5652173913043479,0.11,3.013333333333333,,,
"Pêssego, Aurora, cru",,36.327599024534216,151.99467431865116,9.321000000000005,0.825,,1.4216666666666669,,,
"Pêssego, enlatado, em calda",,63.142434782608696,264.1879471304348,16.880144927536232,0.7065217391304348,,1.0166666666666666,,3.201,
"Pinha, crua",,88.4735276668668,370.1732397581707,22.447916666666668,1.4854166666666666,0.319,3.356,,1.3373333333333335,
"Pitanga, crua",,41.41552999999997,173.28257751999988,10.24416666666666,0.9291666666666665,0.169,3.2373333333333334,,1.704,
"Pitanga, polpa, congelada",,19.10545950235922,79.93724255787099,4.7585833333333305,0.28541666666666665,0.12133333333333333,0.7366666666666667,,5.029000000000001,
"Romã, crua",,55.73900000000001,233.21197600000005,15.105833333333335,0.4041666666666667,,0.4386666666666667,,0.5913333333333333,
"Tamarindo, cru",,275.69564269441366,1153.510569033427,72.53175,3.20625,0.455,6.446666666666666,,0.3553333333333333,
"Tangerina, Poncã, crua",,37.83059999999995,158.21512215652163,9.60999999999999,0.8478260869565218,0.07333333333333335,0.94,,,
Descrição dos alimentos,,,,,,,,,,
"Tangerina, Poncã, suco",,36.10879999999999,150.98142274782617,8.8,0.5217391304347826,,,,,
"Tucumã, cru",,262.01519507239266,1096.2715761828908,26.47458333333333,2.09375,19.076666666666668,12.653333333333334,,3.8930000000000002,
"Umbu, cru",,37.016689999999976,154.8778309599999,9.395333333333333,0.8416666666666668,,1.9820000000000002,,,
"Umbu, polpa, congelada",,33.943290000000005,142.01872536000002,8.78683333333333,0.5125,0.07033333333333334,1.3363333333333334,,5.771,
"Uva, Itália, crua",,52.873100000000065,221.16109186086976,13.573333333333345,0.7463768115942029,0.20333333333333334,0.92,,,
"Uva, Rubi, crua",,49.061289999999964,205.27243735999986,12.69533333333333,0.6083333333333333,0.157,0.9336666666666665,,7.919,
"Uva, suco concentrado, envasado",,57.655359999999995,241.23002624,14.708000000000002,,,0.2333333333333333,,9.583333333333334,
"Azeite, de dendê",,884.0,3698.656,,,100.0,,,,
"Azeite, de oliva, extra virgem",,884.0,3698.656,,,100.0,,,,
"Manteiga, com sal",,725.9689268459988,3037.4539899236593,0.0632999925613329,0.4147000074386597,82.361,,,578.6946666666668,
"Manteiga, sem sal",,757.5404607259967,3169.54928767757,0.0,0.3955600070953369,86.03933333333333,,,3.848666666666667,
"Margarina, com óleo hidrogenado, com sal (65% de lipídeos)",,596.1195169563294,2494.1640589452827,0.0,,67.43433333333334,,,894.0386666666667,
"Margarina, com óleo hidrogenado, sem sal (80% de lipídeos)",,722.525625804901,3023.0472183677057,0.0,,81.73366666666665,,,77.891,
"Margarina, com óleo interesterificado, com sal (65%de lipídeos)",,594.4516933333332,2487.185884906666,0.0,,67.24566666666665,,,560.7976666666667,
"Margarina, com óleo interesterificado, sem sal (65% de lipídeos)",,593.1374902381897,2481.6872591565857,0.0,,67.097,,,33.19433333333333,
"Óleo, de babaçu",,884.0,3698.656,,,100.0,,,,
"Óleo, de canola",,884.0,3698.656,,,100.0,,,,
"Óleo, de girassol",,884.0,3698.656,,,100.0,,,,
"Óleo, de milho",,884.0,3698.656,,,100.0,,,,
"Óleo, de pequi",,884.0,3698.656,,,100.0,,,,
"Óleo, de soja",,884.0,3698.6560638427736,,,100.0,,,,
"Abadejo, filé, congelado, assado",,111.6155034511884,466.99926643977227,0.0,23.525,1.2376666666666667,,,334.3913333333333,
"Abadejo, filé, congelado,cozido",,91.10354839555423,381.1772464869989,0.0,19.34583333333333,0.9420000000000001,,,189.33766666666665,
"Abadejo, filé, congelado, cru",,59.11303324858347,247.32893111207323,0.0,13.083333333333332,0.36,,,78.515,
"Abadejo, filé, congelado, grelhado",,129.6435259028673,542.4285123775968,0.0,27.610416666666666,1.3023333333333333,,,305.09366666666665,
"Atum, conserva em óleo",,165.91056057890256,694.1697854621283,0.0,26.1875,5.996666666666666,,,362.1465,
"Atum, fresco, cru",,117.50099999999998,491.6241839999999,0.0,25.68,0.87,,,30.30333333333333,
Descrição dos alimentos,,,,,,,,,,
"Bacalhau, salgado, cru",,135.89296666666664,568.5761725333332,0.0,29.036666666666665,1.32,,,13585.056666666665,
"Bacalhau, salgado, refogado",,139.66070105353995,584.3403732080112,1.2241666666666786,23.979166666666664,3.606666666666667,,,1256.2766666666666,
"Cação, posta, com farinha de trigo, frita",,208.33274372597532,871.6641997494808,3.100583333333332,24.952083333333334,9.954333333333333,0.5366666666666667,,160.03166666666667,
"Cação, posta, cozida",,116.01448068765795,485.4045871971609,0.0,25.589583333333326,0.7479999999999999,,,114.90533333333333,
"Cação, posta, crua",,83.33302501956622,348.6653766818651,0.0,17.854166666666668,0.7866666666666666,,,176.02366666666668,
"Camarão, Rio Grande, grande, cozido",,90.01368009630838,376.61723752295427,0.0,18.966666666666665,1.0006666666666666,,,366.55199999999996,
"Camarão, Rio Grande, grande, cru",,47.18343670543035,197.4154991755206,0.0,9.991666666666667,0.501,,,201.128,
"Camarão, Sete Barbas, sem cabeça, com casca, frito",,231.24615385087333,967.5339077120541,2.8798333333333326,18.3875,15.620333333333333,,,99.055,
"Caranguejo, cozido",,82.72150150783858,346.10676230879665,0.0,18.479166666666668,0.423,,,360.10566666666665,
"Corimba, cru",,128.1554,536.2021936,-0.026666666666666172,17.366666666666667,5.986666666666667,,,47.01,
"Corimbatá, assado",,261.45243941056725,1093.9170064938135,0.0,19.897916666666667,19.566333333333333,,,40.425999999999995,
"Corimbatá, cozido",,238.69610486733916,998.704502764947,0.0,20.13125,16.933000000000003,,,37.16566666666667,
"Corvina de água doce, crua",,101.00903333333332,422.62179546666664,0.0,18.916666666666668,2.2433333333333336,,,45.09,
"Corvina do mar, crua",,94.0,391.5201709333333,0.0,18.57,1.5833333333333333,,,67.97,
"Corvina grande, assada",,146.52814112536112,613.0737424685109,0.0,26.766666666666666,3.5736666666666665,,,85.35199999999999,
"Corvina grande, cozida",,100.07812455296516,418.72687312960625,0.0,23.4375,2.5626666666666664,,,68.39,
"Dourada de água doce, fresca",,131.2083147237698,548.9755888042529,0.0,18.810416666666665,5.641666666666667,,,40.297666666666665,
"Lambari, congelado, cru",,130.84031100948653,547.4358612636917,0.0,16.8125,6.546666666666667,,,47.92,
"Lambari, congelado, frito",,326.86839988660813,1367.6173851255685,0.0,28.425,22.782,,,64.55166666666666,
"Lambari, fresco, cru",,151.598346503218,634.2874817694642,0.0,15.652083333333334,9.397333333333334,,,41.10933333333333,
"Manjuba, com farinha de trigo, frita",,343.55045872306823,1437.4151192973175,10.24033333333333,23.45,22.593,0.3633333333333333,,36.52,
"Manjuba, frita",,349.32523145536584,1461.5767684092507,0.0,30.13958333333333,24.46,,,40.61,
"Merluza, filé, assado",,121.91021833333333,510.0723535066667,0.0,26.604166666666668,0.9213333333333334,,,119.94866666666667,
"Merluza, filé, cru",,89.13086666666665,372.9235461333333,0.0,16.606666666666666,2.02,,,79.50333333333333,
"Merluza, filé, frito",,191.62747837583225,801.7693695244822,0.0,26.929166666666664,8.496666666666668,,,89.96133333333334,
"Pescada, branca, crua",,110.87629999999999,463.90643919999997,0.0,16.263333333333332,4.593333333333334,,,76.16666666666667,
"Pescada, branca, frita",,223.0397323693037,933.1982402331666,0.0,27.35625,11.777000000000001,,,107.23266666666667,
"Pescada, filé, com farinha de trigo, frito",,283.4252144319614,1185.8510971833266,5.033250000000005,21.435416666666665,19.115,,,90.50666666666666,
"Pescada, filé, cru",,107.20556666666666,448.5480909333333,0.0,16.65,4.003333333333334,,,77.49666666666667,
"Pescada, filé, frito",,154.270025,645.4657846,0.0,28.5875,3.57,,,114.90533333333333,
"Pescada, filé, molho escabeche",,141.9583228750229,593.9536229090959,5.0153333333333405,11.75,8.024,0.78,,51.28766666666667,
"Pescadinha, crua",,76.40890833333334,319.6948724666667,0.0,15.47916666666667,1.1433333333333333,,,120.33866666666665,
Descrição dos alimentos,,,,,,,,,,
"Pintado, assado",,191.55914112758637,801.4834464778214,0.0,36.45,3.9820000000000007,,,80.95266666666667,
"Pintado, cru",,91.08323333333333,381.0922482666667,0.0,18.55666666666667,1.3133333333333335,,,43.336666666666666,
"Pintado, grelhado",,152.19008833333334,636.7633295866667,0.0,30.795833333333334,2.294,,,53.08866666666666,
"Porquinho, cru",,93.02456666666666,389.2147869333333,0.0,20.49,0.6133333333333333,,,66.73,
"Salmão, filé, com pele, fresco,  grelhado",,228.73177513531843,957.0137471661724,0.0,23.91875,14.035333333333334,,,85.135,
"Salmão, sem pele, fresco, cru",,169.78157991055645,710.3661303457682,0.0,19.252083333333335,9.708999999999998,,,64.24166666666667,
"Salmão, sem pele, fresco, grelhado",,242.7065694870949,1015.4842867340051,0.0,26.14166666666667,14.532333333333334,,,95.81133333333332,
"Sardinha, assada",,164.3507883333333,687.6436983866665,0.0,32.17916666666667,2.9873333333333334,,,74.46833333333332,
"Sardinha, conserva em óleo",,284.9810048712492,1192.3605243813067,0.0,15.939583333333335,24.048666666666666,,,665.8403333333333,
"Sardinha, frita",,257.0407,1075.4582888000002,0.0,33.38333333333334,12.693333333333333,,,60.099,
"Sardinha, inteira, crua",,113.90036666666666,476.5591341333333,0.0,21.076666666666668,2.65,,,60.38666666666668,
"Tucunaré, filé, congelado, cru",,87.686483549277,366.880247170175,-0.04500000000000792,17.958333333333336,1.22,,,56.55433333333334,
Apresuntado,,128.85725581200919,539.1387583174464,2.862000000000004,13.45,6.690666666666666,,,942.933,
"Caldo de carne, tablete",,240.62333333333333,1006.7680266666667,15.053333333333342,7.82,16.57,0.5766666666666667,,22179.666666666668,
"Caldo de galinha, tablete",,251.44566666666665,1052.0486693333332,10.645499999999991,6.279166666666666,20.416333333333334,11.810666666666668,,22299.900333333335,
"Carne, bovina, acém, moído, cozido",,212.42039999999997,888.7669536,0.0,26.68666666666667,10.916666666666666,,,52.35666666666666,
"Carne, bovina, acém, moído, cru",,136.56233333333333,571.3768026666667,0.0,19.42,5.946666666666666,,,48.61333333333334,
"Carne, bovina, acém, sem gordura, cozido",,214.61056666666664,897.9306109333332,0.0,27.27,10.883333333333333,,,56.173333333333325,
"Carne, bovina, acém, sem gordura, cru",,144.02943333333332,602.6191490666666,0.0,20.816666666666666,6.113333333333333,,,49.846666666666664,
"Carne, bovina, almôndegas, cruas",,189.2566666666666,791.8498933333331,9.794166666666655,12.3125,11.203333333333333,,,621.2516666666667,
"Carne, bovina, almôndegas, fritas",,271.813,1137.265592,14.286749999999996,18.15625,15.782333333333334,,,1030.2556666666667,
"Carne, bovina, bucho, cozido",,133.02286666666666,556.5676741333333,0.0,21.64,4.503333333333334,,,38.203333333333326,
"Carne, bovina, bucho, cru",,137.30316666666667,574.4764493333333,0.0,20.53,5.503333333333333,,,45.00333333333334,
"Carne, bovina, capa de contra-filé, com gordura, crua",,216.9089666666667,907.5471165333335,0.0,19.19666666666667,14.96,,,57.54,
"Carne, bovina, capa de contra-filé, com gordura, grelhada",,311.7026666666667,1304.1639573333334,0.0,30.686666666666667,20.03,,,80.51333333333334,
"Carne, bovina, capa de contra-filé, sem gordura, crua",,131.06246666666664,548.3653605333333,0.0,21.54,4.333333333333333,,,79.17333333333333,
"Carne, bovina, capa de contra-filé, sem gordura, grelhada",,239.44363333333328,1001.8321618666665,-0.006666666666674814,35.06333333333333,9.95,,,82.75,
"Carne, bovina, charque, cozido",,262.7801422621807,1099.472115224964,0.0,36.364583333333336,11.918333333333335,,,1442.701,
"Carne, bovina, charque, cru",,248.86101810745396,1041.2344997615874,0.0,22.71458333333333,16.837,,,5875.0289999999995,
"Carne, bovina, contra-filé, à milanesa",,351.5926591989994,1471.0636860886136,12.174499999999993,20.6125,23.998,0.37,,77.09333333333333,
Descrição dos alimentos,,,,,,,,,,
"Carne, bovina, contra-filé de costela, cru",,202.43739999999997,846.9980815999999,0.0,19.8,13.07,,,38.52333333333333,
"Carne, bovina, contra-filé de costela, grelhado",,274.91426666666666,1150.2412917333334,0.0,29.88,16.333333333333332,,,50.88333333333333,
"Carne, bovina, contra-filé, com gordura, cru",,205.8567,861.3044328,0.0,21.15,12.81,,,44.133,
"Carne, bovina, contra-filé, com gordura, grelhado",,278.05356666666665,1163.3761229333334,0.0,32.39666666666667,15.49,,,57.06666666666666,
"Carne, bovina, contra-filé, sem gordura, cru",,156.6158333333333,655.2806466666666,0.0,23.996666666666666,6.003333333333334,,,52.89333333333334,
"Carne, bovina, contra-filé, sem gordura, grelhado",,193.69156666666663,810.4055149333332,0.0,35.88333333333333,4.486666666666667,,,57.51,
"Carne, bovina, costela, assada",,373.03886666666665,1560.7946181333334,0.0,28.80666666666667,27.72,,,91.86,
"Carne, bovina, costela, crua",,357.72246666666666,1496.7108005333334,0.0,16.706666666666667,31.75,,,69.99666666666667,
"Carne, bovina, coxão duro, sem gordura, cozido",,216.616066666667,906.3216229333333,0.0,31.88,8.923333333333334,,,41.1,
"Carne, bovina, coxão duro, sem gordura, cru",,147.96633333333335,619.0911386666668,0.0,21.513333333333335,6.22,,,48.546666666666674,
"Carne, bovina, coxão mole, sem gordura, cozido",,218.6751,914.9366183999999,0.0,32.38333333333333,8.913333333333332,,,43.50333333333333,
"Carne, bovina, coxão mole, sem gordura, cru",,169.06596666666667,707.3720045333333,0.0,21.23,8.693333333333333,,,60.53333333333333,
"Carne, bovina, cupim, assado",,330.1002908333333,1381.1396168466665,0.0,28.63125,23.042666666666666,,,71.58666666666667,
"Carne, bovina, cupim, cru",,221.3975,926.32714,0.0,19.536666666666665,15.296666666666667,,,46.86,
"Carne, bovina, fígado, cru",,141.04586666666665,590.1359061333333,1.106666666666668,20.713333333333335,5.3566666666666665,,,75.92,
"Carne, bovina, fígado, grelhado",,225.0264,941.5104576,4.2,29.86,9.01,,,82.19,
"Carne, bovina, filé mingnon, sem gordura, cru",,142.86426666666665,597.7440917333333,0.0,21.6,5.613333333333333,,,48.86,
"Carne, bovina, filé mingnon, sem gordura, grelhado",,219.70259999999996,919.2356783999999,0.0,32.8,8.83,,,57.906666666666666,
"Carne, bovina, flanco, sem gordura, cozido",,195.5753666666667,818.2873341333335,0.0,29.37666666666667,7.77,,,41.68,
"Carne, bovina, flanco, sem gordura, cru",,141.46009999999998,591.8690584,0.0,19.996666666666666,6.216666666666666,,,54.223333333333336,
"Carne, bovina, fraldinha, com gordura, cozida",,338.44573333333335,1416.0569482666667,0.0,24.24,26.046666666666667,,,38.78333333333333,
"Carne, bovina, fraldinha, com gordura, crua",,220.72376666666662,923.5082397333332,0.0,17.583333333333332,16.146666666666665,,,51.2,
"Carne, bovina, lagarto, cozido",,222.46856666666667,930.8084829333334,0.0,32.86333333333334,9.106666666666667,,,47.54333333333333,
"Carne, bovina, lagarto, cru",,134.86456666666663,564.2733469333332,0.0,20.543333333333333,5.226666666666667,,,53.55666666666667,
"Carne, bovina, língua, cozida",,314.9016,1317.5482944,0.0,21.366666666666664,24.796666666666667,,,59.06333333333333,
"Carne, bovina, língua, crua",,215.24976666666663,900.6050237333333,0.0,17.09,15.773333333333333,,,73.05,
"Carne, bovina, maminha, crua",,152.76586666666665,639.1723861333332,0.0,20.933333333333334,7.026666666666666,,,37.416666666666664,
"Carne, bovina, maminha, grelhada",,153.0896758333333,640.5272036866666,0.0,30.735416666666666,2.422333333333333,,,58.12,
"Carne, bovina, miolo de alcatra, sem gordura, cru",,162.87123333333332,681.4532402666666,0.0,21.61,7.826666666666667,,,43.053333333333335,
"Carne, bovina, miolo de alcatra, sem gordura, grelhado",,241.36396666666667,1009.8668365333334,0.0,31.93,11.643333333333336,,,51.62,
"Carne, bovina, músculo, sem gordura, cozido",,193.80033333333333,810.8605946666667,0.0,31.233333333333334,6.7,,,61.79,
"Carne, bovina, músculo, sem gordura, cru",,141.581,592.374904,0.0,21.56,5.49,,,66.08,
Descrição dos alimentos,,,,,,,,,,
"Carne, bovina, paleta, com gordura, crua",,158.7099,664.0422216000001,0.0,21.41,7.46,,,64.9,
"Carne, bovina, paleta, sem gordura, cozida",,193.65239999999997,810.2416416,0.0,29.72,7.4,,,57.623333333333335,
"Carne, bovina, paleta, sem gordura, crua",,140.9415,589.6992359999999,0.0,21.03,5.67,,,65.86,
"Carne, bovina, patinho, sem gordura, cru",,133.46889999999996,558.4338775999998,0.0,21.72333333333333,4.513333333333333,,,49.13,
"Carne, bovina, patinho, sem gordura, grelhado",,219.25926666666663,917.3807717333332,0.0,35.9,7.3133333333333335,,,60.29333333333333,
"Carne, bovina, peito, sem gordura, cozido",,338.4731333333333,1416.1715898666666,0.0,22.24666666666667,26.99333333333333,,,55.70666666666667,
"Carne, bovina, peito, sem gordura, cru",,259.2756333333333,1084.8092498666665,0.0,17.55666666666667,20.433333333333334,,,63.76333333333333,
"Carne, bovina, picanha, com gordura, crua",,212.8794333333333,890.6875490666666,0.0,18.823333333333334,14.69,,,37.623333333333335,
"Carne, bovina, picanha, com gordura, grelhada",,288.7670916666666,1208.2015115333331,0.0,26.42083333333333,19.506666666666664,,,60.0,
"Carne, bovina, picanha, sem gordura, crua",,133.52236666666667,558.6575821333333,0.0,21.25,4.743333333333333,,,61.14666666666667,
"Carne, bovina, picanha, sem gordura, grelhada",,238.4681333333333,997.7506698666666,0.0,31.906666666666666,11.333333333333334,,,60.656666666666666,
"Carne, bovina, seca, cozida",,312.79903369144597,1308.75115696501,0.0,26.93125,21.929333333333332,,,1943.1793333333335,
"Carne, bovina, seca, crua",,312.7484279036522,1308.5394223488809,0.0,19.65833333333333,25.36666666666667,,,4439.55,
"Coxinha de frango, frita",,283.048,1184.272832,34.520583333333335,9.610416666666666,11.835999999999999,4.9703333333333335,,532.1293333333333,
"Croquete, de carne, cru",,245.77192529714108,1028.3097354432384,13.949583333333331,12.04375,15.561,,,710.6373333333332,
"Croquete, de carne, frito",,346.7420146474044,1450.76858928474,18.146166666666673,16.8625,22.673333333333332,,,916.4110000000001,
"Empada de frango, pré-cozida, assada",,358.1916666666667,1498.6739333333337,47.49291666666666,6.94375,15.605,2.164333333333333,,524.9333333333334,
"Empada, de frango, pré-cozida",,377.4796666666667,1579.3749253333335,35.52891666666668,7.34375,22.887666666666664,2.220333333333333,,770.7256666666666,
"Frango, asa, com pele, crua",,213.18833333333333,891.9799866666667,0.0,18.1,15.066666666666668,,,96.3,
"Frango, caipira, inteiro, com pele, cozido",,242.88932666666665,1016.2489427733333,0.0,23.883333333333333,15.615666666666668,,,56.092000000000006,
"Frango, caipira, inteiro, sem pele, cozido",,195.76029666666665,819.0610812533333,0.0,29.575,7.702333333333333,,,53.24333333333334,
"Frango, coração, cru",,221.50283333333334,926.7678546666667,0.0,12.583333333333336,18.6,,,95.06,
"Frango, coração, grelhado",,207.27364333333327,867.2329237066664,0.6074166666666578,22.439583333333335,12.095999999999998,,,128.242,
"Frango, coxa, com pele, assada",,215.1186475329399,900.0564212778205,0.05833333333334001,28.491666666666664,10.361333333333333,,,94.84233333333334,
"Frango, coxa, com pele, crua",,161.47473333333332,675.6102842666667,0.0,17.093333333333334,9.81,,,94.95666666666666,
"Frango, coxa, sem pele, cozida",,167.42803216441473,700.5188865759112,0.0,26.858333333333334,5.847333333333332,,,64.33933333333333,
"Frango, coxa, sem pele, crua",,119.94746666666661,501.8602005333331,0.01999999999999702,17.813333333333333,4.8566666666666665,,,98.36666666666667,
"Frango, fígado, cru",,106.48456666666667,445.53142693333336,-0.02333333333333809,17.58666666666667,3.49,,,82.43333333333332,
"Frango, filé, à milanesa",,220.87277999999998,924.13171152,7.512916666666662,28.46041666666667,7.790666666666667,1.1303333333333334,,122.33233333333332,
"Frango, inteiro, com pele, cru",,226.31916666666666,946.9193933333333,0.0,16.44333333333333,17.30666666666667,,,62.876666666666665,
"Frango, inteiro, sem pele, assado",,187.3377966666667,783.8213412533335,0.0,28.025,7.5023333333333335,,,70.27133333333333,
"Frango, inteiro, sem pele, cozido",,170.38997583333332,712.9116588866666,0.0,24.985416666666662,7.062333333333334,,,50.89033333333333,
Descrição dos alimentos,,,,,,,,,,
"Frango, inteiro, sem pele, cru",,129.09640000000002,540.1393376000001,0.0,20.58666666666667,4.566666666666666,,,72.96,
"Frango, peito, com pele, assado",,211.68314953072866,885.6822976365687,0.0,33.416666666666664,7.649,,,55.702666666666666,
"Frango, peito, com pele, cru",,149.46526666666665,625.3626757333333,0.0,20.78,6.733333333333333,,,62.31333333333333,
"Frango, peito, sem pele, cozido",,162.87476334631444,681.4680098409797,0.0,31.46875,3.16,,,36.16833333333333,
"Frango, peito, sem pele, cru",,119.15926666666665,498.5623717333333,0.0,21.526666666666667,3.02,,,56.14,
"Frango, peito, sem pele, grelhado",,159.18500719261172,666.0300700938875,0.0,32.03333333333334,2.4836666666666667,,,50.24933333333333,
"Frango, sobrecoxa, com pele, assada",,259.60476916666664,1086.1863541933333,0.0,28.702083333333334,15.193666666666667,,,95.93533333333335,
"Frango, sobrecoxa, com pele, crua",,254.5322,1064.9627248,0.0,15.46,20.9,,,68.26666666666667,
"Frango, sobrecoxa, sem pele, assada",,232.88339666666667,974.3841316533334,0.0,29.175,12.007333333333333,,,106.07966666666665,
"Frango, sobrecoxa, sem pele, crua",,161.79629999999997,676.9557191999999,0.0,17.57,9.62,,,79.74666666666667,
"Hambúrguer, bovino, cru",,214.836,898.8738240000001,4.15375,13.15625,16.177333333333333,,,869.459,
"Hambúrguer, bovino, frito",,258.283,1080.656072,6.320083333333328,19.972916666666666,17.012333333333334,,,1251.801,
"Hambúrguer, bovino, grelhado",,209.8316666666667,877.9356933333336,11.333416666666674,13.15625,12.430333333333332,,,1090.3343333333335,
"Lingüiça, frango, crua",,218.10881416666666,912.5672784733333,0.0,14.239583333333334,17.439666666666668,,,1125.8113333333333,
"Lingüiça, frango, frita",,245.46100666666663,1027.0088518933333,0.0,18.316666666666666,18.541999999999998,,,1373.8936666666666,
"Lingüiça, frango, grelhada",,243.6585675,1019.4674464200001,0.0,18.189583333333335,18.402333333333335,,,1351.4936666666665,
"Lingüiça, porco, crua",,227.2034508333333,950.6192382866666,0.0,16.06458333333333,17.584,,,1175.7223333333332,
"Lingüiça, porco, frita",,279.54358916666666,1169.6103770733334,0.0,20.452083333333334,21.30966666666667,,,1431.5936666666666,
"Lingüiça, porco, grelhada",,296.4896091666666,1240.512524753333,0.0,23.16875,21.90233333333333,,,1455.8603333333333,
Mortadela,,268.8199890167316,1124.742834046005,5.81591666666666,11.952083333333334,21.649333333333335,,,1212.1670000000001,
"Peru, congelado, assado",,163.07139793137708,682.2907289448817,0.0,26.20208333333333,5.675,,,627.8756666666667,
"Peru, congelado, cru",,93.72243382612864,392.1346631285222,0.0,18.083333333333332,1.83,,,710.683,
"Porco, bisteca, crua",,164.11533659299215,686.6585683050791,0.0,21.5,8.016666666666666,,,54.29,
"Porco, bisteca, frita",,311.1690453348557,1301.9312856810363,0.0,33.74791666666667,18.521666666666665,,,63.026999999999994,
"Porco, bisteca, grelhada",,280.0840349027713,1171.8716020331951,0.0,28.88958333333333,17.375333333333334,,,51.445,
"Porco, costela, assada",,402.16844745083654,1682.6727841343002,0.0,30.22291666666667,30.279,,,62.67933333333334,
"Porco, costela, crua",,255.60634206136066,1069.456935184733,0.0,18.0,19.816666666666666,,,87.98166666666668,
"Porco, lombo, assado",,210.2346655796369,879.6218407852008,0.0,35.725,6.395666666666667,,,38.924,
"Porco, lombo, cru",,175.6251952501138,734.8158169264761,0.0,22.604166666666668,8.77,,,53.06766666666667,
"Porco, orelha, salgada, crua",,258.49175833333334,1081.5295168666667,0.0,18.520833333333332,19.89,,,615.602,
"Porco, pernil, assado",,262.2596066666666,1097.2941942933332,0.0,32.13333333333333,13.863666666666667,,,62.40633333333333,
"Porco, pernil, cru",,186.05575,778.457258,0.0,20.125,11.1,,,101.89333333333333,
Descrição dos alimentos,,,,,,,,,,
"Porco, rabo, salgado, cru",,377.41525749999994,1579.1054373799998,0.0,15.58125,34.466,,,1157.6653333333334,
"Presunto, com capa de gordura",,127.84921266563737,534.9211057930268,1.3975,14.370833333333334,6.771333333333334,,,1020.7716666666666,
"Presunto, sem capa de gordura",,93.7432807208697,392.22188653611886,2.1456666666666697,14.291666666666666,2.7066666666666666,,,1039.185,
"Quibe, assado",,136.22887614158785,569.9816177764036,12.86125,14.59375,2.6763333333333335,1.8966666666666665,,39.893,
"Quibe, cru",,109.49066929475465,458.1089603292535,10.774166666666666,12.354166666666666,1.6676666666666666,1.6466666666666665,,38.766,
"Quibe, frito",,253.83130886964,1062.0301963105737,12.337416666666657,14.889583333333334,15.799,,,835.825,
Salame,,397.8425065349341,1664.5730473421643,2.9062500000000098,25.810416666666665,30.641333333333336,,,1574.1689999999999,
"Toucinho, cru",,592.5311749999998,2479.1504361999996,0.0,11.479166666666666,60.25666666666666,,,49.586666666666666,
"Toucinho, frito",,696.5640066666666,2914.423803893333,0.0,27.28333333333333,64.30866666666667,,,124.85033333333335,
"Bebida láctea, pêssego",,55.164833333333306,230.80966266666664,7.5700000000000065,2.1333333333333333,1.9066666666666665,0.2933333333333334,,46.263,
Creme de Leite,,221.48354127513312,926.687136695157,4.509526639620461,1.5078066937128702,22.479333333333333,,,51.724,
"Iogurte, natural",,51.48953333333329,215.43220746666648,1.9166666666666603,4.0633333333333335,3.04,,,51.61633333333333,
"Iogurte, natural, desnatado",,41.49271128155834,173.6055040020401,5.773953333333329,3.8343800687789917,0.3156666666666667,,,59.644666666666666,
"Iogurte, sabor abacaxi",,,,,,,,,,
"Iogurte, sabor morango",,69.56560000000003,291.0624704000003,9.693333333333342,2.71,2.33,0.21666666666666667,,37.663000000000004,
"Iogurte, sabor pêssego",,67.84940000000002,283.8818896,9.433333333333344,2.53,2.3366666666666664,0.7166666666666667,,36.96366666666666,
"Leite, condensado",,312.57259999999997,1307.8037584,56.99666666666666,7.67,6.74,,,93.80333333333334,
"Leite, de cabra",,66.41574188654329,277.88346405329713,5.246093333333333,3.0709067217508954,3.7543333333333333,,,73.947,
"Leite, de vaca, achocolatado",,82.82099627199361,346.5230484020213,14.158313333333325,2.099020037651062,2.169,0.6456666666666666,,71.74166666666666,
"Leite, de vaca, desnatado, pó",,361.60799999999995,1512.967872,53.04333333333334,34.69,0.9333333333333332,,,431.67333333333335,
"Leite, de vaca, desnatado, UHT",,,,,,,,,51.14,
"Leite, de vaca, integral",,,,,,,,,63.76,
"Leite, de vaca, integral, pó",,496.6502999999999,2077.9848552,39.18,25.42,26.903333333333336,,,323.2033333333333,
"Leite, fermentado",,69.62147400000002,291.2962472160001,15.67447333333333,1.89486,0.09900000000000002,,,33.43066666666667,
"Queijo, minas, frescal",,264.27312799999993,1105.7187675519997,3.240313333333333,17.411020000000004,20.180666666666667,,,31.226333333333333,
"Queijo, minas, meia cura",,320.72181773325985,1341.9000853959592,3.5729596195220865,21.21137371381124,24.61,,,501.1656666666666,
"Queijo, mozarela",,329.8707184208871,1380.1790858729917,3.0493329270680736,22.64900040626526,25.183000000000003,,,581.357,
"Queijo, parmesão",,452.9637553333333,1895.2003523146668,1.6607199999999995,35.55361333333333,33.529333333333334,,,1844.0810000000001,
"Queijo, pasteurizado",,303.07980333333325,1268.0858971466664,5.67633333333333,9.357333333333333,27.435333333333332,,,780.426,
Descrição dos alimentos,,,,,,,,,,
"Queijo, petit suisse, morango",,121.105954,506.707311536,18.46200666666666,5.78666,2.8383333333333334,,,412.46900000000005,
"Queijo, prato",,359.88046240505474,1505.7398547027492,1.8785729268391926,22.661760406494142,29.106333333333335,,,579.774,
"Queijo, requeijão, cremoso",,256.57814866666666,1073.5229740213333,2.4324533333333336,9.629546666666666,23.441000000000003,,,557.9246666666667,
"Queijo, ricota",,139.73177999999996,584.6377675199999,3.7861666666666673,12.6005,8.108666666666666,,,282.579,
"Bebida isotônica, sabores variados",,25.613333333333344,107.16618666666672,6.4033333333333395,0.0,0.0,,,44.083333333333336,
"Café, infusão 10%",,9.070868599613517,37.95251422078296,1.478666666666667,0.7125,0.06933333333333334,,,1.0273333333333334,
"Cana, aguardente 1",,215.6616,902.3281344,,,,,,3.145666666666667,
"Cana, caldo de",,65.34359826898573,273.3976151574363,18.151000000000003,,,0.13633333333333333,,,
"Cerveja, pilsen 2",,40.72018855062866,170.37326889583034,3.3175,0.5625,,,,4.230333333333333,
"Chá, erva-doce, infusão 5%",,1.3970599738756386,5.845298930695672,0.3913333333333213,0.0,0.0,,,0.6253333333333334,
"Chá, mate, infusão 5%",,2.730749951124143,11.425457795503414,0.6429999999999931,0.0,0.052,,,,
"Chá, preto, infusão 5%",,2.24790995796521,9.40525526412644,0.6296666666666653,0.0,0.0,,,,
"Coco, água de",,21.50859424050649,89.99195830227916,5.284666666666672,0.0,0.0,0.13033333333333333,,1.782333333333333,
"Refrigerante, tipo água tônica",,30.7794,128.7810096,7.953333333333339,0.0,0.0,,,8.290333333333333,
"Refrigerante, tipo cola",,33.514200000000045,140.2234128000002,8.66000000000001,0.0,0.0,,,7.119333333333333,
"Refrigerante, tipo guaraná",,38.7,161.9208,10.0,0.0,0.0,,,9.009666666666666,
"Refrigerante, tipo laranja",,45.62730000000003,190.90462320000012,11.79,0.0,0.0,,,9.271666666666667,
"Refrigerante, tipo limão",,39.71910000000001,166.18471440000005,10.263333333333335,0.0,0.0,,,8.803333333333335,
"Omelete, de queijo",,268.00677218242487,1121.3403348112656,0.43716666666666804,15.570833333333333,22.007666666666665,,,216.05100000000002,
"Ovo, de codorna, inteiro, cru",,176.89389999999997,740.1240776,0.7724999999999986,13.6875,12.68,,,128.987,
"Ovo, de galinha, clara, cozida/10minutos",,59.43569666666667,248.67895485333338,0.0,13.447916666666668,0.08900000000000001,,,180.5376666666667,
"Ovo, de galinha, gema, cozida/10minutos",,352.67334000000005,1475.5852545600003,1.5600000000000065,15.9,30.777,,,44.90866666666667,
"Ovo, de galinha, inteiro, cozido/10minutos",,145.70017,609.6095112800001,0.6149166666666736,13.29375,9.476333333333333,,,145.90099999999998,
"Ovo, de galinha, inteiro, cru",,143.11173333333335,598.7794922666666,1.6366666666666725,13.03,8.9,,,167.91,
"Ovo, de galinha, inteiro, frito",,240.1872240091165,1004.9433452541435,1.1936666666666627,15.616666666666667,18.592666666666666,,,166.11233333333334,
"Achocolatado, pó",,401.02,1677.86768,91.17666666666666,4.203333333333333,2.1666666666666665,3.89,,64.78666666666668,
"Açúcar, cristal",,386.84572399999996,1619.208,99.61,0.32,,,,,
Descrição dos alimentos,,,,,,,,,,
"Açúcar, mascavo",,368.55482252438867,1542.0333774420424,94.45,0.7583333333333333,0.09200000000000001,,,25.203999999999997,
"Açúcar, refinado",,386.5748239999999,1617.4290636159997,99.54,0.32,,,,12.16,
"Chocolate, ao leite",,539.5866666666667,2257.6306133333337,59.576666666666675,7.22,30.26666666666667,2.17,,77.1,
"Chocolate, ao leite, com castanha do Pará",,558.8763333333334,2338.3385786666668,55.37683333333334,7.4125,34.191,2.458,,64.05,
"Chocolate, ao leite, dietético",,556.8243333333334,2329.753010666667,56.32341666666667,6.897916666666666,33.771,2.8466666666666662,,84.70833333333333,
"Chocolate, meio amargo",,474.91776997327383,1987.0559495681778,62.42288990116119,4.862443432172139,29.856666666666666,4.943666666666666,,8.866999999999999,
Cocada branca,,448.84545242331023,1877.9693729391302,81.38316662629445,1.1218333737055461,13.586999999999998,3.5690000000000004,,28.992333333333335,
"Doce, de abóbora, cremoso",,198.9360630496343,832.3484877996699,54.61333333333334,0.9166666666666666,0.20666666666666667,2.28,,,
"Doce, de leite, cremoso",,306.31013023105874,1281.6015848867498,59.49337323506673,5.478293431599935,5.992999999999999,,,120.08866666666667,
"Geléia, mocotó, natural",,106.08666666666662,443.86661333333313,24.231666666666662,2.125,0.07333333333333332,,,42.68033333333333,
Glicose de milho,,292.1184052991867,1222.2234077717972,79.38,0.0,0.0,,,58.92966666666666,
Maria mole,,301.2358875369997,1260.3709534548068,73.55348320229848,3.8128501310348506,0.19,0.6666666666666666,,15.309333333333333,
"Maria mole, coco queimado",,306.6318969970185,1282.9478570355254,75.05938319810231,3.9349501352310177,0.08933333333333333,0.6366666666666667,,14.287333333333335,
Marmelada,,257.24147319380444,1076.2983238428778,70.76333333333334,0.4,0.13733333333333334,4.07,,10.883666666666668,
"Mel, de abelha",,309.24266666666665,1293.8713173333333,84.03333333333333,0.0,0.0,,,6.04,
Melado,,296.5064912319183,1240.5831593143462,76.61666666666666,0.0,0.0,,,4.01,
Quindim,,411.3487215708494,1721.083051052434,46.298833333333334,4.7375,24.425,3.223333333333333,,27.366,
Rapadura,,351.9581221015453,1472.5927828728657,90.79241666666667,0.9895833333333333,0.07066666666666667,,,21.71066666666667,
"Café, pó, torrado",,418.6186666666666,1751.5005013333332,65.75333333333332,14.7,11.946666666666667,51.22666666666667,,1.1333333333333335,
"Capuccino, pó",,417.4066666666667,1746.4294933333335,73.61416666666665,11.3125,8.633333333333333,2.4433333333333334,,382.2866666666667,
"Fermento em pó, químico",,89.72206665112176,375.39712686829347,43.91133334795634,0.4753333187103272,0.07333333333333333,,,10052.411333333333,
"Fermento, biológico, levedura, tablete",,89.79486703058885,375.70172365598376,7.698667188326523,16.956999478340148,1.5176666666666667,4.165666666666667,,39.61066666666667,
"Gelatina, sabores variados, pó",,380.22290000000004,1590.8526136000003,89.22333333333333,8.886666666666667,,,,234.92333333333332,
"Sal, dietético",,,,,,,,,23431.521666666667,
"Sal, grosso",,,,,,,,,39943.203,
Shoyu,,60.92774987538659,254.9217054786175,11.6475,3.3125,0.32666666666666666,,,5024.208333333333,
Tempero a base de sal,,21.33,89.24472000000009,2.0733333333333377,2.666666666666667,0.26333333333333336,0.5566666666666668,,32560.0,
"Azeitona, preta, conserva",,194.1538470209837,812.3396959357958,5.544500000000004,1.1625,20.345,4.555,,1566.661,
Descrição dos alimentos,,,,,,,,,,
"Azeitona, verde, conserva",,136.93643000000003,572.9420231200002,4.101750000000001,0.9479166666666665,14.215666666666666,3.845666666666667,,1347.1776666666667,
"Chantilly, spray, com gordura vegetal",,314.9560002666667,1317.7759051157336,16.85500006666667,0.525,27.270666666666667,,,109.70366666666666,
"Leite, de coco",,166.16030161554647,695.2147019594464,2.1945999635060494,1.0140667031606039,18.364333333333335,0.6836666666666668,,44.294666666666664,
"Maionese, tradicional com ovos",,302.1526776878237,1264.2068034458543,7.899749999999999,0.58125,30.497666666666664,,,786.8273333333333,
Acarajé,,289.21166666666664,1210.0616133333333,19.113833333333332,8.345833333333335,19.930333333333333,9.358333333333333,,304.88866666666667,
Arroz carreteiro,,153.772,643.3820479999999,11.584833333333329,10.829166666666667,7.124,1.501666666666667,,1621.728,
"Baião de dois, arroz e feijão-de-corda",,135.68133333333333,567.6906986666667,20.41775,6.239583333333332,3.2279999999999998,5.069,,93.29966666666667,
Barreado,,164.9752340474129,690.2563792543756,0.23625,18.26875,9.534,0.1466666666666667,,47.62733333333333,
"Bife à cavalo, com contra filé",,291.2295092449586,1218.5042666809068,0.0,23.660416666666663,21.146666666666665,,,82.87466666666667,
Bolinho de arroz,,273.51433333333335,1144.3839706666668,41.682750000000006,8.039583333333333,8.291666666666666,2.7373333333333334,,58.85733333333334,
Camarão à baiana,,100.78304300403595,421.6762519288864,3.1736666666666653,7.941666666666666,5.967666666666667,0.3866666666666667,,84.78666666666668,
"Charuto, de repolho",,78.23472922221822,327.33410706576103,10.133166666666673,6.779166666666665,1.1166666666666667,1.46,,12.100666666666667,
"Cuscuz, de milho, cozido com sal",,113.45948166666666,474.7144712933333,25.281416666666665,2.15625,0.6796666666666665,2.0533333333333332,,247.66599999999997,
"Cuscuz, paulista",,142.123,594.6426319999999,22.513666666666666,2.558333333333333,4.648333333333333,2.4326666666666665,,235.70966666666666,
"Cuxá, molho",,80.09161563650767,335.1033198231481,5.7389166666666656,5.64375,3.5926666666666667,3.016666666666667,,1344.2946666666667,
Dobradinha,,124.50020083333331,520.9088402866665,0.0,19.772916666666664,4.442333333333333,,,28.773666666666667,
Estrogonofe de carne,,173.1413643180132,724.4234683065672,2.975416666666672,15.03125,10.802999999999999,,,122.848,
Estrogonofe de frango,,156.80610301323728,656.0767350073847,2.593916666666657,17.552083333333336,7.9623333333333335,,,99.455,
Feijão tropeiro mineiro,,151.56185683095453,634.1348089807137,19.58183333333333,10.170833333333333,6.790666666666667,3.5733333333333337,,365.0743333333333,
L,,116.9334573110342,489.2495853893671,11.641833333333333,8.670833333333333,6.477333333333334,5.09,,278.2203333333333,
"Frango, com açafrão",,112.78376884122686,471.8872888316932,4.062083333333325,9.697916666666666,6.17,0.22333333333333336,,28.812,
"Macarrão, molho bolognesa",,119.53177144556008,500.1209317282234,22.522366831779475,4.934299834887187,0.8896666666666667,0.7766666666666667,,8.939333333333334,
Maniçoba,,134.22289340098695,561.5885859897294,3.419333333333327,9.958333333333332,8.699333333333334,2.16,,406.70433333333335,
Quibebe,,86.349230299592,361.28517957349294,6.644083333333324,8.55625,2.672,1.6666666666666667,,246.614,
"Salada, de legumes, com maionese",,96.10358839845655,402.09741385914225,8.923999999999994,1.05,7.039000000000001,2.216666666666667,,228.42566666666667,
"Salada, de legumes, cozida no vapor",,35.40810429847241,148.14750838480856,7.089083333333335,2.00625,0.3116666666666667,2.513333333333333,,2.5096666666666665,
"Salpicão, de frango",,147.8645961340268,618.6654702247682,4.568999999999992,13.925,7.8406666666666665,0.41,,248.3456666666667,
Sarapatel,,122.98185821243132,514.5560947608127,1.09408333333334,18.47291666666667,4.42,,,215.62266666666667,
Tabule,,57.45347668848058,240.38534646460275,10.581003360112511,2.046329973220825,1.208,2.0833333333333335,,1.192,
Descrição dos alimentos,,,,,,,,,,
Tacacá,,46.88917715120316,196.184317200634,3.39,6.958333333333335,0.35966666666666663,0.21333333333333335,,1349.0626666666667,
"Tapioca, com manteiga",,347.8265562578241,1455.306311382736,63.59175,0.08958333333333332,10.908333333333333,,,157.52433333333335,
"Tucupi, com pimenta-de-cheiro",,27.1837984027266,113.73701251700811,4.737749999999988,2.05625,0.2836666666666667,0.22666666666666668,,5.131,
Vaca atolada,,144.89697968479,606.2489630011614,10.061416666666673,5.122916666666667,9.322000000000001,2.3433333333333333,,25.633666666666667,
Vatapá,,254.89328572415508,1066.473507469865,9.748499784151715,5.99783354918162,23.226333333333333,1.6966666666666665,,879.8506666666666,
Virado à paulista,,306.94678645131984,1284.2653545123223,14.10908333333333,10.18125,25.590666666666664,2.1633333333333336,,345.526,
Yakisoba,,112.80204125340781,471.9637406042583,18.251333333333335,7.5166666666666675,2.6069999999999998,1.0566666666666666,,793.7620000000001,
"Amendoim, grão, cru",,544.0526557994334,2276.3163118648295,20.313533333333336,27.190800189971927,43.85,8.036,,,
"Amendoim, torrado, salgado",,605.7810929170192,2534.5880927648086,18.702486509641012,22.475180157025655,53.96333333333334,7.763333333333333,,375.7326666666666,
"Ervilha, em vagem",,88.09358199977854,366.9671897866666,14.227583333333328,7.4520833333333325,0.47100000000000003,9.721,,,
"Ervilha, enlatada, drenada",,73.8447043478261,308.9662429913044,13.44217391304348,4.597826086956522,0.38,5.08,,372.1096666666667,
"Feijão, carioca, cozido",,76.42408566666668,319.7583744293334,13.591033333333334,4.775,0.5423333333333334,8.510333333333334,,1.7590000000000001,
"Feijão, carioca, cru",,329.0267362318841,1376.6478643942032,61.22144927536232,19.981884057971016,1.2566666666666666,18.42,,,
"Feijão, fradinho, cozido",,78.00889666666667,326.3892236533334,13.499583333333337,5.09375,0.644,7.472,,0.9819999999999999,
"Feijão, fradinho, cru",,339.16476666666665,1419.0653837333334,61.24,20.208333333333336,2.365,23.593333333333334,,10.313666666666668,
"Feijão, jalo, cozido",,92.73992,388.02382528,16.495250000000002,6.14375,0.512,13.866,,0.5203333333333333,
"Feijão, jalo, cru",,327.90526666666665,1371.9556357333333,61.47916666666666,20.104166666666668,0.9466666666666667,30.32,,24.580333333333332,
"Feijão, preto, cozido",,77.02726666666668,322.28208373333337,14.00516666666666,4.479166666666667,0.5356666666666666,8.402333333333333,,1.854,
"Feijão, preto, cru",,323.5657115942029,1353.798937310145,58.75246376811595,21.344202898550723,1.24,21.833333333333332,,,
"Feijão, rajado, cozido",,84.7018527334929,354.39255183693433,15.2675,5.5375,0.4,9.318,,0.6869999999999999,
"Feijão, rajado, cru",,325.84441116273405,1363.3330163048793,62.92916666666667,17.270833333333332,1.17,24.00666666666667,,13.650333333333334,
"Feijão, rosinha, cozido",,67.86622877142827,283.9523011796559,11.822749999999997,4.539583333333333,0.47733333333333333,4.76,,2.0806666666666667,
"Feijão, rosinha, cru",,336.9619111275673,1409.8486361577416,62.22333333333333,20.916666666666668,1.33,20.626666666666665,,24.11433333333333,
"Feijão, roxo, cozido",,76.89338231790063,321.72191161809627,12.90816666666666,5.720833333333334,0.5383333333333334,11.514333333333335,,1.457,
"Feijão, roxo, cru",,331.4149774567286,1386.6402656789526,59.98666666666666,22.166666666666668,1.2366666666666666,33.843333333333334,,9.757666666666667,
"Grão-de-bico, cru",,354.70287658909956,1484.0768356487927,57.88416666666667,21.229166666666664,5.43,12.356666666666667,,5.194,
"Guandu, cru",,344.1336512849927,1439.8551969764096,64.00041666666667,18.964583333333334,2.132,21.313666666666666,,1.617,
"Lentilha, cozida",,92.63876625229915,387.60059799961965,16.30224999999999,6.310416666666667,0.5246666666666667,7.862333333333333,,1.1763333333333332,
Descrição dos alimentos,,,,,,,,,,
"Lentilha, crua",,339.1412402035533,1418.966949011667,62.00449275362318,23.152173913043477,0.77,16.936666666666667,,,
"Paçoca, amendoim",,486.9270864645243,2037.3029297675696,52.37616666666666,15.995833333333334,26.075333333333333,7.319,,166.84066666666666,
"Pé-de-moleque, amendoim",,503.1903658399557,2105.3484906743747,54.73042657470704,13.162240091959635,28.048333333333336,3.393333333333333,,16.345333333333333,
"Soja, farinha",,403.955845810399,1690.1512588707096,38.43989975929261,36.0301002407074,14.633333333333333,20.18,,5.753666666666667,
"Soja, extrato solúvel, natural, fluido",,39.10485527535076,163.6147144720676,4.275263333333342,2.3810700159072873,1.606,0.36633333333333334,,56.528,
"Soja, extrato solúvel, pó",,458.8957294378677,1920.0197319680385,28.482833333333335,35.68750023841858,26.180999999999997,7.313,,83.47099999999999,
"Soja, queijo (tofu)",,64.48509407389021,269.80563360515663,2.126823333333333,6.553176710446675,3.953333333333333,0.7526666666666667,,1.2136666666666667,
"Tremoço, cru",,381.27817396012944,1595.2678798491816,43.786333333333324,33.575,10.341999999999999,32.306999999999995,,3.2906666666666666,
"Tremoço, em conserva",,120.64258534487091,504.7685770829399,12.38933333333334,11.108333333333333,3.7840000000000003,14.44,,1808.7576666666666,
"Amêndoa, torrada, salgada",,580.7469545560705,2429.845257862599,29.547240000000002,18.554759385108948,47.324333333333335,11.64,,278.5226666666667,
"Castanha-de-caju, torrada, salgada",,570.167626501619,2385.5813492827738,29.13496600055695,18.50936733277639,46.279666666666664,3.6630000000000003,,125.0,
"Castanha-do-Brasil, crua",,642.9630716810693,2690.157491913594,15.078659898440039,14.536340101559956,63.459,7.931,,0.6539999999999999,
"Coco, cru",,406.4873531078099,1700.7430854030767,10.401665876893027,3.69183412310697,41.976333333333336,5.378166666666667,,15.32,
"Coco,  verde, cru",,,,,,,,,,
"Farinha, de mesocarpo de babaçu, crua",,328.7714002448336,1375.579538624384,79.17306661605835,1.4062667172749839,0.19800000000000004,17.86,,12.463000000000001,
"Gergelim, semente",,583.5467147545495,2441.559454533035,21.617665904998766,21.164667428334557,50.43266666666667,11.868333333333334,,2.5749999999999997,
"Linhaça, semente",,495.09611384365076,2071.5349145049904,43.31219949315389,14.083867173512777,32.25293333333334,33.50266666666667,,8.673333333333334,
"Pinhão, cozido",,174.36990200000002,729.5636699680001,43.917633333333335,2.980366666666666,0.747,15.6033333333333,,0.8626666666666667,
"Pupunha, cozida",,218.53388087660073,914.3457575876974,29.569416666666662,2.5229166666666667,12.761666666666668,4.253333333333334,,0.9086666666666666,
"Noz, crua",,620.0600197905668,2594.3311228037314,18.36386616388957,13.9708005027771,59.35966666666667,7.249666666666667,,4.570666666666667,
as análises estão sendo reavaliadas,,,,,,,,,,
Valores em branco nesta tabela: análises não solicitadas,,,,,,,,,,
"Teores alcoólicos (g/100g): ¹ Cana, aguardente: 31,1 e ² Cerveja, pilsen: 3,6.",,,,,,,,,,
"Abreviações: g: grama; mg: micrograma; kcal: kilocaloria; kJ: kilojoule; mg:miligrama; NA: não aplicável; Tr: traço. Adotou-se traço nas seguintes situações: a)valores de nutrientes arredondados para números que caiam entre 0 e 0,5; b) valores de nutrientes arredondados para números com uma casa decimal que caiam entre 0 e 0,05; c) valores de nutrientes arredondados para números com duas casas decimais que caiam entre 0 e 0,005 e; d) valores abaixo dos limites de quantificação (29).",,,,,,,,,,
"Limites de Quantificação: a) composição centesimal: 0,1g/100g; b) colesterol: 1mg/100g; c) Cu, Fe, Mn, e Zn: 0,001mg/100g; d) Ca, Na: 0,04mg/100g; e) K e P: 0,001mg/100g; f) Mg 0,015mg/100g; g) tiamina, riboflavina e piridoxina: 0,03mg/100g; h) niacina e vitamina C: 1mg/100g; i) retinol em produtos cárneos e outros: 3μg/100g e; j) retinol em lácteos: 20μg/100g.",,,,,,,,,,
Valores correspondentes à somatória do resultado analítico do retinol mais o valor calculado com base no teor de carotenóides segundo o livro Fontes brasileiras de carotenóides: tabela brasileira de composição de carotenóides em alimentos.,,,,,,,,,,
Valores retirados do livro Fontes brasileiras de carotenóides: tabela brasileira de composição de carotenóides em alimentos.,,,,,,,,,,
